psi_g_formula_version,ansatz,group,regime,n,L,T,n_params,H_G,D_G,D_inter,D_mult,M_G,S_G,defect,Psi_raw,Psi_G,seed
v12_gated,HEA,U(1),B_multi,4,2,40,24,0.8379233765751957,0.639760849441706,0.30820485596495806,0.9713168429184538,0.05975293182482122,0.7604375567909473,0.0912870929175109,0.756049397479744,0.5749283566327643,0
v12_gated,U1_equiv,U(1),B_multi,4,2,40,24,0.6361029135744235,0.5818055547992435,0.21274380150677982,0.950867308091707,0.0025947624875046218,1.0,0.0,0.6166862040085267,0.6166862040085267,0
v12_gated,SU2_equiv,SU(2),B_multi,4,2,40,8,0.4559117894238973,0.6616232382605332,0.3232464765210662,1.0,0.0007765624231633667,1.0,0.0,0.527822285525734,0.527822285525734,0
v12_gated,Sn_equiv,S_n,B_multi,4,2,40,4,0.9708684549093194,0.5779495897236944,0.27951086075004666,0.8763883186973421,0.17649953624769923,1.0,0.0,0.7905073940820968,0.7905073940820968,0
v12_gated,U1_broken,U(1),B_multi,4,2,40,24,0.6803007225671804,0.5941708240469846,0.2358593156437033,0.952482332450266,0.08060061894503029,0.9210312852074289,0.02742042485534894,0.6364470932581954,0.586187684270128,0
v12_gated,HEA,U(1),B_multi,6,2,40,36,0.8547373319103244,0.6069866524012398,0.21397330480247972,1.0,0.04048441445514841,0.9098358155223052,0.03149703941743346,0.7593737089833085,0.6909053977990262,0
v12_gated,U1_equiv,U(1),B_multi,6,2,40,36,0.6348819291190607,0.5687897653277065,0.13757953065541306,1.0,2.974087322888419e-05,1.0,0.0,0.6117449513063444,0.6117449513063444,0
v12_gated,SU2_equiv,SU(2),B_multi,6,2,40,12,0.47375634419644186,0.6109362638326526,0.22187252766530524,1.0,4.562589194340155e-05,1.0,0.0,0.5217639121801737,0.5217639121801737,0
v12_gated,Sn_equiv,S_n,B_multi,6,2,40,4,0.970771859939987,0.5949527291916633,0.18990545838332668,1.0,0.16016124195434703,1.0,0.0,0.8003651574924939,0.8003651574924939,0
v12_gated,U1_broken,U(1),B_multi,6,2,40,36,0.7048722312729288,0.5810776457960524,0.1621552915921047,1.0,0.05382116854420716,0.9720161725610506,0.009460945407606792,0.6520598645656541,0.6338127338357841,0
v12_gated,HEA,U(1),B_multi,8,2,40,48,0.7781807322845232,0.5728895542162629,0.14577910843252573,1.0,0.0473424013908237,0.9645588891638917,0.012028130608116876,0.6971185838150273,0.6724119268201281,0
v12_gated,U1_equiv,U(1),B_multi,8,2,40,48,0.6320197537821396,0.5494925095901887,0.09898501918037747,1.0,1.0884506277253878e-06,1.0,0.0,0.6031350463343823,0.6031350463343823,0
v12_gated,SU2_equiv,SU(2),B_multi,8,2,40,16,0.48673634807230914,0.5824385619056818,0.1648771238113635,1.0,3.741116926697347e-07,1.0,0.0,0.5202320773905498,0.5202320773905498,0
v12_gated,Sn_equiv,S_n,B_multi,8,2,40,4,0.9648477529702002,0.570405320790137,0.14081064158027395,1.0,0.15169802330809057,1.0,0.0,0.7902015274774701,0.7902015274774701,0
v12_gated,U1_broken,U(1),B_multi,8,2,40,48,0.6842517917553922,0.5562259752571908,0.1124519505143815,1.0,0.042131666874987185,0.9892196543289463,0.003612958206350399,0.6322355888438089,0.6254198706505305,0
v12_gated,HEA,U(1),B_multi,4,2,40,24,0.8608176663796532,0.6404335497204179,0.3233395129783735,0.9575275864624624,0.07215110402685575,0.7604375567909473,0.0912870929175109,0.7681559893001425,0.5841346637377334,1
v12_gated,U1_equiv,U(1),B_multi,4,2,40,24,0.6361029135744235,0.5857061350581582,0.21274380150677982,0.9586684686095366,0.002594762487504638,1.0,0.0,0.6180514070991467,0.6180514070991467,1
v12_gated,SU2_equiv,SU(2),B_multi,4,2,40,8,0.4559117894238973,0.6616232382605332,0.3232464765210662,1.0,0.000776562423163457,1.0,0.0,0.5278222855257338,0.5278222855257338,1
v12_gated,Sn_equiv,S_n,B_multi,4,2,40,4,0.9901841104477158,0.6024287174871952,0.28718107937863013,0.9176763555957603,0.10987944671202232,1.0,0.0,0.8272695023617759,0.8272695023617759,1
v12_gated,U1_broken,U(1),B_multi,4,2,40,24,0.7146459839874931,0.589744137719868,0.24837170097432376,0.9311165744654122,0.08767470679018508,0.9210312852074289,0.02742042485534894,0.6552662435176027,0.6035207104200617,1
v12_gated,HEA,U(1),B_multi,6,2,40,36,0.8213425440934399,0.6058628870677658,0.21172577413553154,1.0,0.033161885582476125,0.9098358155223052,0.03149703941743346,0.7391153472666423,0.6724736147453974,1
v12_gated,U1_equiv,U(1),B_multi,6,2,40,36,0.6348819291190607,0.5687897653277065,0.13757953065541306,1.0,2.974087322894714e-05,1.0,0.0,0.6117449513063444,0.6117449513063444,1
v12_gated,SU2_equiv,SU(2),B_multi,6,2,40,12,0.4737563441964418,0.6109362638326526,0.22187252766530524,1.0,4.5625891943501315e-05,1.0,0.0,0.5217639121801736,0.5217639121801736,1
v12_gated,Sn_equiv,S_n,B_multi,6,2,40,4,0.9866420166141591,0.5971508337347575,0.19430166746951513,1.0,0.09705415273905338,1.0,0.0,0.826380676361559,0.826380676361559,1
v12_gated,U1_broken,U(1),B_multi,6,2,40,36,0.7167660000018735,0.5809629466767958,0.16192589335359156,1.0,0.06130694397201874,0.9720161725610506,0.009460945407606792,0.6582492480873057,0.6398289147170123,1
v12_gated,HEA,U(1),B_multi,8,2,40,48,0.7906925841180708,0.5770519544989916,0.1541039089979832,1.0,0.038154677668293564,0.9645588891638917,0.012028130608116876,0.7083762085809593,0.6832705688589793,1
v12_gated,U1_equiv,U(1),B_multi,8,2,40,48,0.6320197537821396,0.5494925095901887,0.09898501918037747,1.0,1.0884506276708194e-06,1.0,0.0,0.6031350463343823,0.6031350463343823,1
v12_gated,SU2_equiv,SU(2),B_multi,8,2,40,16,0.48673634807230926,0.5824385619056818,0.16487712381136346,1.0,3.7411169270489087e-07,1.0,0.0,0.5202320773905499,0.5202320773905499,1
v12_gated,Sn_equiv,S_n,B_multi,8,2,40,4,0.9760380733640832,0.5722562549356511,0.1445125098713022,1.0,0.11822155459034991,1.0,0.0,0.8058672523210141,0.8058672523210141,1
v12_gated,U1_broken,U(1),B_multi,8,2,40,48,0.7047814021175628,0.5601005949114596,0.12020118982291912,1.0,0.02584436360373352,0.9892196543289463,0.003612958206350399,0.6495894628910578,0.6425866639368181,1
v12_gated,HEA,U(1),B_multi,4,2,40,24,0.8510855040202046,0.6201494909874364,0.3120929302985977,0.9282060516762751,0.08232788348815638,0.7604375567909473,0.0912870929175109,0.7527408824053772,0.5724124375130067,2
v12_gated,U1_equiv,U(1),B_multi,4,2,40,24,0.6361029135744235,0.5553966030389833,0.21274380150677982,0.8980494045711869,0.002594762487504663,1.0,0.0,0.6074430708924357,0.6074430708924357,2
v12_gated,SU2_equiv,SU(2),B_multi,4,2,40,8,0.45591178942389743,0.6616232382605332,0.3232464765210662,1.0,0.0007765624231632561,1.0,0.0,0.527822285525734,0.527822285525734,2
v12_gated,Sn_equiv,S_n,B_multi,4,2,40,4,0.9055766171917013,0.6373543100294321,0.2919679565691914,0.9827406634896729,0.19931060128677974,1.0,0.0,0.7665760546639756,0.7665760546639756,2
v12_gated,U1_broken,U(1),B_multi,4,2,40,24,0.7006250818944357,0.5751997012970338,0.23692386902556914,0.9134755335684985,0.06268676101354727,0.9210312852074289,0.02742042485534894,0.6457462194181417,0.5947524703885294,2
v12_gated,HEA,U(1),B_multi,6,2,40,36,0.7898209531612344,0.6001381198942765,0.200276239788553,1.0,0.05746610444472973,0.9098358155223052,0.03149703941743346,0.7120849781710492,0.6478804168354394,2
v12_gated,U1_equiv,U(1),B_multi,6,2,40,36,0.6348819291190607,0.5687897653277065,0.13757953065541303,1.0,2.974087322892812e-05,1.0,0.0,0.6117449513063444,0.6117449513063444,2
v12_gated,SU2_equiv,SU(2),B_multi,6,2,40,12,0.47375634419644186,0.6109362638326526,0.22187252766530524,1.0,4.562589194343492e-05,1.0,0.0,0.5217639121801737,0.5217639121801737,2
v12_gated,Sn_equiv,S_n,B_multi,6,2,40,4,0.8998606369974682,0.5990446090653884,0.19808921813077668,1.0,0.15427732298167374,1.0,0.0,0.759868004688102,0.759868004688102,2
v12_gated,U1_broken,U(1),B_multi,6,2,40,36,0.6735690252647644,0.577149839425915,0.15429967885183005,1.0,0.07064186701289764,0.9720161725610506,0.009460945407606792,0.627926766844477,0.6103549725568037,2
v12_gated,HEA,U(1),B_multi,8,2,40,48,0.7819745572072883,0.5731372706343453,0.14627454126869055,1.0,0.014501672111334666,0.9645588891638917,0.012028130608116876,0.7060465222497516,0.6810234491992493,2
v12_gated,U1_equiv,U(1),B_multi,8,2,40,48,0.6320197537821397,0.5494925095901887,0.09898501918037747,1.0,1.0884506277589184e-06,1.0,0.0,0.6031350463343823,0.6031350463343823,2
v12_gated,SU2_equiv,SU(2),B_multi,8,2,40,16,0.4867363480723092,0.5824385619056818,0.1648771238113635,1.0,3.741116927274247e-07,1.0,0.0,0.5202320773905498,0.5202320773905498,2
v12_gated,Sn_equiv,S_n,B_multi,8,2,40,4,0.9127416309347746,0.5743126917057526,0.14862538341150514,1.0,0.12747746116276967,1.0,0.0,0.7652030057523342,0.7652030057523342,2
v12_gated,U1_broken,U(1),B_multi,8,2,40,48,0.6634822343101174,0.5533012597124667,0.10660251942493333,1.0,0.038904051683528305,0.9892196543289463,0.003612958206350399,0.6184658564172638,0.6117985806993415,2
v12_gated,HEA,U(1),B_multi,4,2,40,24,0.9228270249923681,0.6428492444604503,0.3292984017219125,0.9564000871989883,0.07237280169115222,0.7604375567909473,0.0912870929175109,0.8081379074874447,0.614538415919901,3
v12_gated,U1_equiv,U(1),B_multi,4,2,40,24,0.6361029135744235,0.5617859380244785,0.21274380150677982,0.9108280745421773,0.002594762487504627,1.0,0.0,0.6096793381373589,0.6096793381373589,3
v12_gated,SU2_equiv,SU(2),B_multi,4,2,40,8,0.4559117894238973,0.6616232382605332,0.3232464765210662,1.0,0.0007765624231632043,1.0,0.0,0.527822285525734,0.527822285525734,3
v12_gated,Sn_equiv,S_n,B_multi,4,2,40,4,0.7781370376820689,0.6005709665447093,0.25247469844132153,0.9486672346480971,0.25347445301936405,1.0,0.0,0.6666794477838505,0.6666794477838505,3
v12_gated,U1_broken,U(1),B_multi,4,2,40,24,0.707394334616404,0.6005039235611794,0.23689725705710113,0.9641105900652578,0.05110261944370992,0.9210312852074289,0.02742042485534894,0.6609452648774408,0.6087512667618338,3
v12_gated,HEA,U(1),B_multi,6,2,40,36,0.8498090999119076,0.610544570258973,0.22108914051794595,1.0,0.04224821417703077,0.9098358155223052,0.03149703941743346,0.7570907853177135,0.6888283120839643,3
v12_gated,U1_equiv,U(1),B_multi,6,2,40,36,0.6348819291190607,0.5687897653277065,0.13757953065541306,1.0,2.974087322892443e-05,1.0,0.0,0.6117449513063444,0.6117449513063444,3
v12_gated,SU2_equiv,SU(2),B_multi,6,2,40,12,0.47375634419644197,0.6109362638326526,0.22187252766530524,1.0,4.562589194348676e-05,1.0,0.0,0.5217639121801738,0.5217639121801738,3
v12_gated,Sn_equiv,S_n,B_multi,6,2,40,4,0.8437186424860708,0.5924990914498713,0.18499818289974274,1.0,0.1677082133353544,1.0,0.0,0.7204171631011336,0.7204171631011336,3
v12_gated,U1_broken,U(1),B_multi,6,2,40,36,0.6610719966243848,0.5733522657967207,0.14670453159344143,1.0,0.09979205543919546,0.9720161725610506,0.009460945407606792,0.6138776575005923,0.5966990110644692,3
v12_gated,HEA,U(1),B_multi,8,2,40,48,0.7890158209535167,0.5758677744028358,0.15173554880567158,1.0,0.01568918050061683,0.9645588891638917,0.012028130608116876,0.7113192517525829,0.686109307311362,3
v12_gated,U1_equiv,U(1),B_multi,8,2,40,48,0.6320197537821396,0.5494925095901887,0.09898501918037747,1.0,1.0884506277016897e-06,1.0,0.0,0.6031350463343823,0.6031350463343823,3
v12_gated,SU2_equiv,SU(2),B_multi,8,2,40,16,0.4867363480723092,0.5824385619056818,0.16487712381136346,1.0,3.741116926526776e-07,1.0,0.0,0.5202320773905498,0.5202320773905498,3
v12_gated,Sn_equiv,S_n,B_multi,8,2,40,4,0.885670628411285,0.5730030756829547,0.14600615136590944,1.0,0.15262877630264135,1.0,0.0,0.7424422789009679,0.7424422789009679,3
v12_gated,U1_broken,U(1),B_multi,8,2,40,48,0.6872910439505329,0.5567986895147153,0.11359737902943075,1.0,0.04787325799367198,0.9892196543289463,0.003612958206350399,0.6333930045320507,0.626564808997568,3
v12_gated,HEA,U(1),B_multi,4,2,40,24,0.8154517091046738,0.6349459049796063,0.3009692170530112,0.9689225929062015,0.05582099761391944,0.7604375567909473,0.0912870929175109,0.7408948456838504,0.5634042662908332,4
v12_gated,U1_equiv,U(1),B_multi,4,2,40,24,0.6361029135744235,0.5674327944958104,0.21274380150677982,0.922121787484841,0.002594762487504646,1.0,0.0,0.6116557379023251,0.6116557379023251,4
v12_gated,SU2_equiv,SU(2),B_multi,4,2,40,8,0.4559117894238973,0.6616232382605332,0.3232464765210662,1.0,0.0007765624231633097,1.0,0.0,0.527822285525734,0.527822285525734,4
v12_gated,Sn_equiv,S_n,B_multi,4,2,40,4,0.7253754397644193,0.5400110481731516,0.23423748783514692,0.8457846085111562,0.2167570048226442,1.0,0.0,0.6211903507836647,0.6211903507836647,4
v12_gated,U1_broken,U(1),B_multi,4,2,40,24,0.7177364416261534,0.5951507805604288,0.24321802044613766,0.9470835406747199,0.09040849865302958,0.9210312852074289,0.02742042485534894,0.6586090917241527,0.6065995781999939,4
v12_gated,HEA,U(1),B_multi,6,2,40,36,0.833695671713827,0.6046825605734281,0.20936512114685604,1.0,0.0357731551202381,0.9098358155223052,0.03149703941743346,0.7460851016678649,0.6788149469250239,4
v12_gated,U1_equiv,U(1),B_multi,6,2,40,36,0.6348819291190607,0.5687897653277065,0.13757953065541306,1.0,2.9740873228928e-05,1.0,0.0,0.6117449513063444,0.6117449513063444,4
v12_gated,SU2_equiv,SU(2),B_multi,6,2,40,12,0.47375634419644186,0.6109362638326526,0.22187252766530524,1.0,4.5625891943466464e-05,1.0,0.0,0.5217639121801737,0.5217639121801737,4
v12_gated,Sn_equiv,S_n,B_multi,6,2,40,4,0.7104733474213032,0.574766663625309,0.14953332725061805,1.0,0.17407896872943848,1.0,0.0,0.6320563911854921,0.6320563911854921,4
v12_gated,U1_broken,U(1),B_multi,6,2,40,36,0.6927002118659125,0.578277285004412,0.15655457000882395,1.0,0.06793083397150168,0.9720161725610506,0.009460945407606792,0.6408882616933155,0.6229537551704415,4
v12_gated,HEA,U(1),B_multi,8,2,40,48,0.8085273635660543,0.5748323042522497,0.14966460850449942,1.0,0.04527564198083826,0.9645588891638917,0.012028130608116876,0.7175824439450907,0.6921505250151873,4
v12_gated,U1_equiv,U(1),B_multi,8,2,40,48,0.6320197537821396,0.5494925095901887,0.09898501918037747,1.0,1.0884506277241556e-06,1.0,0.0,0.6031350463343823,0.6031350463343823,4
v12_gated,SU2_equiv,SU(2),B_multi,8,2,40,16,0.4867363480723092,0.5824385619056818,0.1648771238113635,1.0,3.7411169277989617e-07,1.0,0.0,0.5202320773905498,0.5202320773905498,4
v12_gated,Sn_equiv,S_n,B_multi,8,2,40,4,0.6949854975928963,0.5516111183210282,0.10322223664205628,1.0,0.14546576841689085,1.0,0.0,0.619530314986256,0.619530314986256,4
v12_gated,U1_broken,U(1),B_multi,8,2,40,48,0.6745456592041769,0.5535283182569772,0.10705663651395451,1.0,0.05455671013498632,0.9892196543289463,0.003612958206350399,0.6229893418721532,0.6162733014173891,4
v12_gated,HEA,U(1),B_multi,4,2,40,24,0.8913121538631966,0.6296940282102725,0.31888213409116684,0.9405059223293784,0.13095745813057655,0.7604375567909473,0.0912870929175109,0.7705648163669698,0.5859664263071634,5
v12_gated,U1_equiv,U(1),B_multi,4,2,40,24,0.6361029135744235,0.5713038604202774,0.21274380150677982,0.9298639193337749,0.0025947624875046153,1.0,0.0,0.6130106109758885,0.6130106109758885,5
v12_gated,SU2_equiv,SU(2),B_multi,4,2,40,8,0.4559117894238973,0.661623238260533,0.32324647652106614,1.0,0.0007765624231633451,1.0,0.0,0.5278222855257338,0.5278222855257338,5
v12_gated,Sn_equiv,S_n,B_multi,4,2,40,4,0.6360550842648031,0.5508311961560606,0.18197597926025683,0.9196864130518643,0.2908945859714295,1.0,0.0,0.5599704783286851,0.5599704783286851,5
v12_gated,U1_broken,U(1),B_multi,4,2,40,24,0.7489500909855986,0.576310577053014,0.26271232818532225,0.8899088259207059,0.04879500123479901,0.9210312852074289,0.02742042485534894,0.6793900059555829,0.6257394503423532,5
v12_gated,HEA,U(1),B_multi,6,2,40,36,0.8182865826135025,0.6041994007245308,0.20839880144906173,1.0,0.03246652972552651,0.9098358155223052,0.03149703941743346,0.7367143375377572,0.6702890901006401,5
v12_gated,U1_equiv,U(1),B_multi,6,2,40,36,0.6348819291190607,0.5687897653277065,0.13757953065541306,1.0,2.9740873228977767e-05,1.0,0.0,0.6117449513063444,0.6117449513063444,5
v12_gated,SU2_equiv,SU(2),B_multi,6,2,40,12,0.47375634419644197,0.6109362638326526,0.22187252766530524,1.0,4.562589194334432e-05,1.0,0.0,0.5217639121801738,0.5217639121801738,5
v12_gated,Sn_equiv,S_n,B_multi,6,2,40,4,0.6692470158308557,0.5596814108114327,0.11936282162286538,1.0,0.23185182115878114,1.0,0.0,0.5921075192176918,0.5921075192176918,5
v12_gated,U1_broken,U(1),B_multi,6,2,40,36,0.7252493222049554,0.5823875847461987,0.16477516949239734,1.0,0.0728121197166267,0.9720161725610506,0.009460945407606792,0.6620459789761932,0.6435193985438731,5
v12_gated,HEA,U(1),B_multi,8,2,40,48,0.7778390383434065,0.5726634904511724,0.1453269809023447,1.0,0.028772837327520184,0.9645588891638917,0.012028130608116876,0.7004324375518122,0.6756083338993328,5
v12_gated,U1_equiv,U(1),B_multi,8,2,40,48,0.6320197537821396,0.5494925095901887,0.09898501918037747,1.0,1.088450627721482e-06,1.0,0.0,0.6031350463343823,0.6031350463343823,5
v12_gated,SU2_equiv,SU(2),B_multi,8,2,40,16,0.4867363480723089,0.5824385619056817,0.16487712381136332,1.0,3.741116927228661e-07,1.0,0.0,0.5202320773905496,0.5202320773905496,5
v12_gated,Sn_equiv,S_n,B_multi,8,2,40,4,0.6811365329790676,0.5426615562955842,0.0853231125911685,1.0,0.22091995525215471,1.0,0.0,0.5950511280432625,0.5950511280432625,5
v12_gated,U1_broken,U(1),B_multi,8,2,40,48,0.7016851880607065,0.5592290228280524,0.11845804565610493,1.0,0.032585008257763746,0.9892196543289463,0.003612958206350399,0.6461094258174505,0.6391441428658123,5
v12_gated,HEA,U(1),B_multi,4,2,40,24,0.8669376103645693,0.6088751760869056,0.3293975080429541,0.888352844130857,0.06346831392962334,0.7604375567909473,0.0912870929175109,0.762859991264383,0.5801073879306508,6
v12_gated,U1_equiv,U(1),B_multi,4,2,40,24,0.6361029135744235,0.558217089447617,0.21274380150677982,0.9036903773884543,0.0025947624875046447,1.0,0.0,0.6084302411354574,0.6084302411354574,6
v12_gated,SU2_equiv,SU(2),B_multi,4,2,40,8,0.4559117894238971,0.661623238260533,0.3232464765210661,1.0,0.0007765624231632442,1.0,0.0,0.5278222855257337,0.5278222855257337,6
v12_gated,Sn_equiv,S_n,B_multi,4,2,40,4,0.948144736299064,0.6120634249137394,0.30318279659177755,0.9209440532357014,0.24059765377179645,1.0,0.0,0.773485927566792,0.773485927566792,6
v12_gated,U1_broken,U(1),B_multi,4,2,40,24,0.7093630065784452,0.581724698774082,0.23782469019258787,0.9256247073555761,0.12560857989163085,0.9210312852074289,0.02742042485534894,0.642414078875924,0.5916834647024389,6
v12_gated,HEA,U(1),B_multi,6,2,40,36,0.7876095143086372,0.5974216154218421,0.19484323084368424,1.0,0.037127302675804524,0.9098358155223052,0.03149703941743346,0.7137332954912389,0.6493801149686937,6
v12_gated,U1_equiv,U(1),B_multi,6,2,40,36,0.6348819291190607,0.5687897653277065,0.13757953065541306,1.0,2.9740873228963483e-05,1.0,0.0,0.6117449513063444,0.6117449513063444,6
v12_gated,SU2_equiv,SU(2),B_multi,6,2,40,12,0.47375634419644186,0.6109362638326526,0.22187252766530535,1.0,4.562589194340686e-05,1.0,0.0,0.5217639121801737,0.5217639121801737,6
v12_gated,Sn_equiv,S_n,B_multi,6,2,40,4,0.9385447655512652,0.6038223348596043,0.2076446697192087,1.0,0.28243218517312796,1.0,0.0,0.7551231025548226,0.7551231025548226,6
v12_gated,U1_broken,U(1),B_multi,6,2,40,36,0.6765980699126525,0.5777759191250224,0.1555518382500448,1.0,0.05033633442753778,0.9720161725610506,0.009460945407606792,0.6334959504569445,0.6157683090960842,6
v12_gated,HEA,U(1),B_multi,8,2,40,48,0.7879206232583889,0.5748201876434604,0.14964037528692084,1.0,0.008092891055491996,0.9645588891638917,0.012028130608116876,0.7117413318520625,0.6865164284232541,6
v12_gated,U1_equiv,U(1),B_multi,8,2,40,48,0.6320197537821396,0.5494925095901887,0.09898501918037747,1.0,1.0884506277272726e-06,1.0,0.0,0.6031350463343823,0.6031350463343823,6
v12_gated,SU2_equiv,SU(2),B_multi,8,2,40,16,0.4867363480723091,0.5824385619056818,0.16487712381136344,1.0,3.7411169258942694e-07,1.0,0.0,0.5202320773905498,0.5202320773905498,6
v12_gated,Sn_equiv,S_n,B_multi,8,2,40,4,0.9373877401809901,0.5784277209646091,0.15685544192921821,1.0,0.19147320012540367,1.0,0.0,0.7668805758625631,0.7668805758625631,6
v12_gated,U1_broken,U(1),B_multi,8,2,40,48,0.7030407227572488,0.5590862272231603,0.11817245444632044,1.0,0.045290325974377266,0.9892196543289463,0.003612958206350399,0.6446964134435834,0.6377463632537731,6
v12_gated,HEA,U(1),B_multi,4,2,40,24,0.9456241046006028,0.649280264758535,0.3517386344135931,0.9468218951034769,0.0704113183190803,0.7604375567909473,0.0912870929175109,0.825258100696072,0.6275572538152585,7
v12_gated,U1_equiv,U(1),B_multi,4,2,40,24,0.6361029135744236,0.5834666801405948,0.21274380150677982,0.9541895587744097,0.0025947624875046382,1.0,0.0,0.6172675978779997,0.6172675978779997,7
v12_gated,SU2_equiv,SU(2),B_multi,4,2,40,8,0.4559117894238971,0.661623238260533,0.32324647652106614,1.0,0.0007765624231633459,1.0,0.0,0.5278222855257337,0.5278222855257337,7
v12_gated,Sn_equiv,S_n,B_multi,4,2,40,4,0.977104195753783,0.6567715271172492,0.33737806666836007,0.9761649875661383,0.10330802462520088,1.0,0.0,0.8397520856519165,0.8397520856519165,7
v12_gated,U1_broken,U(1),B_multi,4,2,40,24,0.7078572474095651,0.5878177476425074,0.2370519876998825,0.9385835075851322,0.08170602745893432,0.9210312852074289,0.02742042485534894,0.651384371567632,0.5999453849089695,7
v12_gated,HEA,U(1),B_multi,6,2,40,36,0.8297160458670021,0.6056258805254888,0.21125176105097757,1.0,0.02032015942761242,0.9098358155223052,0.03149703941743346,0.7470694974145561,0.6797105854320113,7
v12_gated,U1_equiv,U(1),B_multi,6,2,40,36,0.6348819291190607,0.5687897653277065,0.13757953065541303,1.0,2.9740873228959783e-05,1.0,0.0,0.6117449513063444,0.6117449513063444,7
v12_gated,SU2_equiv,SU(2),B_multi,6,2,40,12,0.47375634419644186,0.6109362638326526,0.2218725276653053,1.0,4.5625891943411834e-05,1.0,0.0,0.5217639121801737,0.5217639121801737,7
v12_gated,Sn_equiv,S_n,B_multi,6,2,40,4,0.9893687534187745,0.6276563861498019,0.2553127722996038,1.0,0.054520230797824185,1.0,0.0,0.8492842716794973,0.8492842716794973,7
v12_gated,U1_broken,U(1),B_multi,6,2,40,36,0.677892189844326,0.576101571130787,0.15220314226157397,1.0,0.13505746538279467,0.9720161725610506,0.009460945407606792,0.6193768730537956,0.6020443375185821,7
v12_gated,HEA,U(1),B_multi,8,2,40,48,0.8258433883172078,0.5808399595814312,0.1616799191628623,1.0,0.0512473934389806,0.9645588891638917,0.012028130608116876,0.7295116079996677,0.7036569062443239,7
v12_gated,U1_equiv,U(1),B_multi,8,2,40,48,0.6320197537821397,0.5494925095901887,0.09898501918037747,1.0,1.0884506277724282e-06,1.0,0.0,0.6031350463343823,0.6031350463343823,7
v12_gated,SU2_equiv,SU(2),B_multi,8,2,40,16,0.48673634807230926,0.5824385619056818,0.1648771238113635,1.0,3.74111692744134e-07,1.0,0.0,0.5202320773905499,0.5202320773905499,7
v12_gated,Sn_equiv,S_n,B_multi,8,2,40,4,0.9921273539222082,0.601753776494687,0.20350755298937387,1.0,0.03995682301436977,1.0,0.0,0.8455860375504796,0.8455860375504796,7
v12_gated,U1_broken,U(1),B_multi,8,2,40,48,0.6950369008807427,0.5578894919933872,0.11577898398677448,1.0,0.048722191762217794,0.9892196543289463,0.003612958206350399,0.6385693774785359,0.6316853788543677,7
v12_gated,HEA,U(1),B_multi,4,2,40,24,0.8636000623375382,0.6566708818084139,0.32141969788086566,0.9919220657359622,0.04414128461928152,0.7604375567909473,0.0912870929175109,0.781644745115127,0.59439202025383,8
v12_gated,U1_equiv,U(1),B_multi,4,2,40,24,0.6361029135744235,0.5648353278143545,0.21274380150677982,0.9169268541219292,0.00259476248750463,1.0,0.0,0.6107466245638156,0.6107466245638156,8
v12_gated,SU2_equiv,SU(2),B_multi,4,2,40,8,0.4559117894238973,0.6616232382605332,0.3232464765210662,1.0,0.0007765624231633695,1.0,0.0,0.527822285525734,0.527822285525734,8
v12_gated,Sn_equiv,S_n,B_multi,4,2,40,4,0.9540627428836388,0.6187912169728393,0.2544096180440703,0.9831728159016084,0.207996451841835,1.0,0.0,0.7871072924762876,0.7871072924762876,8
v12_gated,U1_broken,U(1),B_multi,4,2,40,24,0.7149109199722026,0.5885766262646241,0.23960785159792636,0.937545400931322,0.1065890230812541,0.9210312852074289,0.02742042485534894,0.6516435030370606,0.6001840530992951,8
v12_gated,HEA,U(1),B_multi,6,2,40,36,0.851369648974058,0.6108860845487802,0.22177216909756048,1.0,0.03678560493842623,0.9098358155223052,0.03149703941743346,0.7593708645342793,0.6909028098174239,8
v12_gated,U1_equiv,U(1),B_multi,6,2,40,36,0.6348819291190607,0.5687897653277065,0.13757953065541306,1.0,2.9740873228950083e-05,1.0,0.0,0.6117449513063444,0.6117449513063444,8
v12_gated,SU2_equiv,SU(2),B_multi,6,2,40,12,0.47375634419644197,0.6109362638326526,0.22187252766530524,1.0,4.562589194340458e-05,1.0,0.0,0.5217639121801738,0.5217639121801738,8
v12_gated,Sn_equiv,S_n,B_multi,6,2,40,4,0.9556759719376319,0.5898909207310841,0.1797818414621682,1.0,0.1679486270496746,1.0,0.0,0.787525087167518,0.787525087167518,8
v12_gated,U1_broken,U(1),B_multi,6,2,40,36,0.7241299547662484,0.583504163384964,0.16700832676992805,1.0,0.06267177378244856,0.9720161725610506,0.009460945407606792,0.6635653006042476,0.6449962037376636,8
v12_gated,HEA,U(1),B_multi,8,2,40,48,0.8130056415776363,0.576509763651143,0.15301952730228616,1.0,0.023787857299511696,0.9645588891638917,0.012028130608116876,0.725397168756977,0.6996882872988618,8
v12_gated,U1_equiv,U(1),B_multi,8,2,40,48,0.6320197537821396,0.5494925095901887,0.09898501918037747,1.0,1.0884506277336557e-06,1.0,0.0,0.6031350463343823,0.6031350463343823,8
v12_gated,SU2_equiv,SU(2),B_multi,8,2,40,16,0.48673634807230914,0.5824385619056818,0.16487712381136346,1.0,3.7411169270312856e-07,1.0,0.0,0.5202320773905498,0.5202320773905498,8
v12_gated,Sn_equiv,S_n,B_multi,8,2,40,4,0.9522869398386823,0.5696715154190318,0.13934303083806374,1.0,0.14914597294222326,1.0,0.0,0.7828641007512015,0.7828641007512015,8
v12_gated,U1_broken,U(1),B_multi,8,2,40,48,0.7080903106274955,0.5593547101268425,0.11870942025368489,1.0,0.03909809768653237,0.9892196543289463,0.003612958206350399,0.6491116044183167,0.642113956943595,8
v12_gated,HEA,U(1),B_multi,4,2,40,24,0.9410450122668643,0.6640946400962492,0.35589162160855653,0.9722976585839419,0.06022563002741608,0.7604375567909473,0.0912870929175109,0.8299436248201668,0.6311203023324702,9
v12_gated,U1_equiv,U(1),B_multi,4,2,40,24,0.6361029135744235,0.5745801940733685,0.21274380150677982,0.9364165866399571,0.002594762487504612,1.0,0.0,0.6141573277544704,0.6141573277544704,9
v12_gated,SU2_equiv,SU(2),B_multi,4,2,40,8,0.4559117894238973,0.6616232382605332,0.3232464765210662,1.0,0.0007765624231632056,1.0,0.0,0.527822285525734,0.527822285525734,9
v12_gated,Sn_equiv,S_n,B_multi,4,2,40,4,0.7012839884092824,0.5823376299905559,0.22518543053660123,0.9394898294445106,0.16091712442520353,1.0,0.0,0.6314406122576632,0.6314406122576632,9
v12_gated,U1_broken,U(1),B_multi,4,2,40,24,0.7040062603456746,0.5986370393384642,0.23807154956307414,0.9592025291138544,0.09293751931003358,0.9210312852074289,0.02742042485534894,0.6507698841393358,0.599379422763142,9
v12_gated,HEA,U(1),B_multi,6,2,40,36,0.797634503748043,0.602760353190529,0.20552070638105796,1.0,0.046578085048020156,0.9098358155223052,0.03149703941743346,0.7201404791147101,0.6552096001059559,9
v12_gated,U1_equiv,U(1),B_multi,6,2,40,36,0.6348819291190606,0.5687897653277065,0.13757953065541303,1.0,2.9740873228966454e-05,1.0,0.0,0.6117449513063443,0.6117449513063443,9
v12_gated,SU2_equiv,SU(2),B_multi,6,2,40,12,0.47375634419644186,0.6109362638326526,0.22187252766530524,1.0,4.5625891943424485e-05,1.0,0.0,0.5217639121801737,0.5217639121801737,9
v12_gated,Sn_equiv,S_n,B_multi,6,2,40,4,0.7078292193719447,0.5750021266597023,0.1500042533194045,1.0,0.15120429611430392,1.0,0.0,0.6345830322015918,0.6345830322015918,9
v12_gated,U1_broken,U(1),B_multi,6,2,40,36,0.6899275239962356,0.5773162910446608,0.15463258208932149,1.0,0.09452400286845351,0.9720161725610506,0.009460945407606792,0.6342099146488731,0.6164622938372681,9
v12_gated,HEA,U(1),B_multi,8,2,40,48,0.8118677725939802,0.5785226293495181,0.15704525869903635,1.0,0.01953598618141638,0.9645588891638917,0.012028130608116876,0.7262318130617852,0.7004933508823545,9
v12_gated,U1_equiv,U(1),B_multi,8,2,40,48,0.6320197537821396,0.5494925095901887,0.09898501918037747,1.0,1.0884506277133171e-06,1.0,0.0,0.6031350463343823,0.6031350463343823,9
v12_gated,SU2_equiv,SU(2),B_multi,8,2,40,16,0.4867363480723092,0.5824385619056818,0.16487712381136346,1.0,3.741116925326031e-07,1.0,0.0,0.5202320773905498,0.5202320773905498,9
v12_gated,Sn_equiv,S_n,B_multi,8,2,40,4,0.6966681007675016,0.5545495541435121,0.1090991082870243,1.0,0.13063999844349883,1.0,0.0,0.6241734295491299,0.6241734295491299,9
v12_gated,U1_broken,U(1),B_multi,8,2,40,48,0.6860606576672303,0.557476679409131,0.1149533588182621,1.0,0.04186468103201419,0.9892196543289463,0.003612958206350399,0.6338758376264325,0.6270424369842909,9
v12_gated,HEA,U(1),B_multi,4,2,40,24,0.9068123386710834,0.6481343922764824,0.3383843273323409,0.957884457220624,0.07245516607376067,0.7604375567909473,0.0912870929175109,0.7998492477839358,0.6082354077858931,10
v12_gated,U1_equiv,U(1),B_multi,4,2,40,24,0.6361029135744235,0.5442448441041051,0.21274380150677982,0.8757458867014304,0.002594762487504677,1.0,0.0,0.6035399552652283,0.6035399552652283,10
v12_gated,SU2_equiv,SU(2),B_multi,4,2,40,8,0.4559117894238972,0.661623238260533,0.32324647652106614,1.0,0.0007765624231633177,1.0,0.0,0.5278222855257338,0.5278222855257338,10
v12_gated,Sn_equiv,S_n,B_multi,4,2,40,4,0.8941264651115677,0.6376989951002282,0.30566362886795817,0.9697343613324982,0.06890486559336192,1.0,0.0,0.7889744346321037,0.7889744346321037,10
v12_gated,U1_broken,U(1),B_multi,4,2,40,24,0.6935425154643913,0.5638892527163292,0.23414265742805532,0.8936358480046029,0.07355854616296842,0.9210312852074289,0.02742042485534894,0.6354098787176274,0.585232377228793,10
v12_gated,HEA,U(1),B_multi,6,2,40,36,0.7901253290360639,0.6017984138291791,0.20359682765835824,1.0,0.028628768099678348,0.9098358155223052,0.03149703941743346,0.7185558300099903,0.6537678295954464,10
v12_gated,U1_equiv,U(1),B_multi,6,2,40,36,0.6348819291190607,0.5687897653277065,0.13757953065541306,1.0,2.9740873228918902e-05,1.0,0.0,0.6117449513063444,0.6117449513063444,10
v12_gated,SU2_equiv,SU(2),B_multi,6,2,40,12,0.47375634419644197,0.6109362638326526,0.22187252766530524,1.0,4.562589194337607e-05,1.0,0.0,0.5217639121801738,0.5217639121801738,10
v12_gated,Sn_equiv,S_n,B_multi,6,2,40,4,0.9196505171830329,0.6006874191590796,0.20137483831815936,1.0,0.08464836245884903,1.0,0.0,0.7885517052961549,0.7885517052961549,10
v12_gated,U1_broken,U(1),B_multi,6,2,40,36,0.7025589387127534,0.5794008347133184,0.1588016694266367,1.0,0.0486662758073699,0.9720161725610506,0.009460945407606792,0.6509058705423691,0.6326910329821123,10
v12_gated,HEA,U(1),B_multi,8,2,40,48,0.8179608624634356,0.5776840876983722,0.15536817539674433,1.0,0.02727416040134264,0.9645588891638917,0.012028130608116876,0.7282866923544513,0.7024754029702545,10
v12_gated,U1_equiv,U(1),B_multi,8,2,40,48,0.6320197537821396,0.5494925095901887,0.09898501918037747,1.0,1.0884506277083931e-06,1.0,0.0,0.6031350463343823,0.6031350463343823,10
v12_gated,SU2_equiv,SU(2),B_multi,8,2,40,16,0.4867363480723092,0.5824385619056818,0.16487712381136344,1.0,3.7411169269798284e-07,1.0,0.0,0.5202320773905498,0.5202320773905498,10
v12_gated,Sn_equiv,S_n,B_multi,8,2,40,4,0.9079666537026994,0.5736640345669766,0.1473280691339532,1.0,0.08481844346615998,1.0,0.0,0.7717076574336361,0.7717076574336361,10
v12_gated,U1_broken,U(1),B_multi,8,2,40,48,0.6807470614768473,0.5561223176410567,0.11224463528211344,1.0,0.07381989856098059,0.9892196543289463,0.003612958206350399,0.6245652313783439,0.6178322022899637,10
v12_gated,HEA,U(1),B_multi,4,2,40,24,0.8504232630302202,0.654693832857254,0.31370020243351615,0.9956874632809919,0.07742001758696934,0.7604375567909473,0.0912870929175109,0.7654580164746401,0.58208302387402,11
v12_gated,U1_equiv,U(1),B_multi,4,2,40,24,0.6361029135744235,0.5845717391872717,0.21274380150677982,0.9563996768677636,0.002594762487504623,1.0,0.0,0.6176543685443365,0.6176543685443365,11
v12_gated,SU2_equiv,SU(2),B_multi,4,2,40,8,0.4559117894238973,0.6616232382605332,0.3232464765210662,1.0,0.0007765624231633022,1.0,0.0,0.527822285525734,0.527822285525734,11
v12_gated,Sn_equiv,S_n,B_multi,4,2,40,4,0.8733907911424146,0.5905699841996801,0.28103376695876914,0.9001062014405911,0.16022662699522344,1.0,0.0,0.7394183935840978,0.7394183935840978,11
v12_gated,U1_broken,U(1),B_multi,4,2,40,24,0.7039380243546302,0.6024516304096906,0.23799474438802423,0.9669085164313571,0.09078078174138561,0.9210312852074289,0.02742042485534894,0.6524417754368014,0.6009192869535739,11
v12_gated,HEA,U(1),B_multi,6,2,40,36,0.7915396997735163,0.6009737429571014,0.20194748591420275,1.0,0.05581358051694207,0.9098358155223052,0.03149703941743346,0.7137969486963548,0.649438028934481,11
v12_gated,U1_equiv,U(1),B_multi,6,2,40,36,0.6348819291190607,0.5687897653277065,0.13757953065541306,1.0,2.974087322893365e-05,1.0,0.0,0.6117449513063444,0.6117449513063444,11
v12_gated,SU2_equiv,SU(2),B_multi,6,2,40,12,0.47375634419644197,0.6109362638326526,0.22187252766530524,1.0,4.562589194332071e-05,1.0,0.0,0.5217639121801738,0.5217639121801738,11
v12_gated,Sn_equiv,S_n,B_multi,6,2,40,4,0.9046866439693833,0.5976987273100061,0.19539745462001218,1.0,0.12477365147514355,1.0,0.0,0.769020609136388,0.769020609136388,11
v12_gated,U1_broken,U(1),B_multi,6,2,40,36,0.6774047664478153,0.5760399818242457,0.15207996364849136,1.0,0.07057224638257423,0.9720161725610506,0.009460945407606792,0.6299755978099446,0.6123464693900821,11
v12_gated,HEA,U(1),B_multi,8,2,40,48,0.7640183304524855,0.5721817287497968,0.14436345749959364,1.0,0.030634104079557085,0.9645588891638917,0.012028130608116876,0.6910242655931018,0.6665335980057763,11
v12_gated,U1_equiv,U(1),B_multi,8,2,40,48,0.6320197537821397,0.5494925095901887,0.09898501918037747,1.0,1.0884506277025674e-06,1.0,0.0,0.6031350463343823,0.6031350463343823,11
v12_gated,SU2_equiv,SU(2),B_multi,8,2,40,16,0.4867363480723092,0.5824385619056818,0.16487712381136346,1.0,3.7411169263820497e-07,1.0,0.0,0.5202320773905498,0.5202320773905498,11
v12_gated,Sn_equiv,S_n,B_multi,8,2,40,4,0.9171667235533799,0.5749719647974382,0.1499439295948764,1.0,0.12187355770850203,1.0,0.0,0.7694539650859752,0.7694539650859752,11
v12_gated,U1_broken,U(1),B_multi,8,2,40,48,0.6980727764738268,0.5582714748630943,0.11654294972618846,1.0,0.03352544914351291,0.9892196543289463,0.003612958206350399,0.6432915200685344,0.636356615114938,11
v12_gated,HEA,U(1),B_multi,4,2,40,24,0.8699326878657825,0.6084797824095473,0.3115012745008876,0.9054582903182069,0.07634070925802092,0.7604375567909473,0.0912870929175109,0.7618213513564975,0.5793175671367128,12
v12_gated,U1_equiv,U(1),B_multi,4,2,40,24,0.6361029135744235,0.5788804868161587,0.21274380150677982,0.9450171721255376,0.0025947624875046127,1.0,0.0,0.615662430214447,0.615662430214447,12
v12_gated,SU2_equiv,SU(2),B_multi,4,2,40,8,0.4559117894238972,0.661623238260533,0.3232464765210661,1.0,0.0007765624231633283,1.0,0.0,0.5278222855257338,0.5278222855257338,12
v12_gated,Sn_equiv,S_n,B_multi,4,2,40,4,0.7153873145274058,0.5813174238577988,0.226059376774018,0.9365754709415797,0.21109215138104992,1.0,0.0,0.6307096909694678,0.6307096909694678,12
v12_gated,U1_broken,U(1),B_multi,4,2,40,24,0.6972081571626971,0.5906410060593235,0.23372381126110678,0.9475582008575401,0.13491607510832587,0.9210312852074289,0.02742042485534894,0.6363935072520414,0.5861383298820109,12
v12_gated,HEA,U(1),B_multi,6,2,40,36,0.8138792623756212,0.6023819128629465,0.20476382572589297,1.0,0.025877108702377798,0.9098358155223052,0.03149703941743346,0.7345899795104089,0.6683562730823663,12
v12_gated,U1_equiv,U(1),B_multi,6,2,40,36,0.6348819291190607,0.5687897653277065,0.13757953065541306,1.0,2.9740873228924957e-05,1.0,0.0,0.6117449513063444,0.6117449513063444,12
v12_gated,SU2_equiv,SU(2),B_multi,6,2,40,12,0.47375634419644186,0.6109362638326526,0.22187252766530524,1.0,4.5625891943589765e-05,1.0,0.0,0.5217639121801737,0.5217639121801737,12
v12_gated,Sn_equiv,S_n,B_multi,6,2,40,4,0.7501824000870125,0.5767156221805059,0.1534312443610117,1.0,0.17959086756615739,1.0,0.0,0.655787550803613,0.655787550803613,12
v12_gated,U1_broken,U(1),B_multi,6,2,40,36,0.7146569855473893,0.5819377156518734,0.16387543130374665,1.0,0.04676356013382221,0.9720161725610506,0.009460945407606792,0.6598502648542833,0.641385128907056,12
v12_gated,HEA,U(1),B_multi,8,2,40,48,0.7962006644903258,0.5756603207168889,0.15132064143377782,1.0,0.041238648209620705,0.9645588891638917,0.012028130608116876,0.7108029843928271,0.6856113370403243,12
v12_gated,U1_equiv,U(1),B_multi,8,2,40,48,0.6320197537821396,0.5494925095901887,0.09898501918037747,1.0,1.0884506277429417e-06,1.0,0.0,0.6031350463343823,0.6031350463343823,12
v12_gated,SU2_equiv,SU(2),B_multi,8,2,40,16,0.48673634807230914,0.5824385619056818,0.16487712381136346,1.0,3.741116926826318e-07,1.0,0.0,0.5202320773905498,0.5202320773905498,12
v12_gated,Sn_equiv,S_n,B_multi,8,2,40,4,0.7764806482943374,0.5585553086192656,0.1171106172385313,1.0,0.14295167574844445,1.0,0.0,0.6724569769430837,0.6724569769430837,12
v12_gated,U1_broken,U(1),B_multi,8,2,40,48,0.6712399717368547,0.554485815153646,0.10897163030729211,1.0,0.04049681814630966,0.9892196543289463,0.003612958206350399,0.6235802461657413,0.6168578355584339,12
v12_gated,HEA,U(1),B_multi,4,2,40,24,0.8388901300504502,0.6396844330284737,0.30823676068968753,0.9711321053672599,0.08028398855876259,0.7604375567909473,0.0912870929175109,0.752330774692001,0.5721005762054259,13
v12_gated,U1_equiv,U(1),B_multi,4,2,40,24,0.6361029135744235,0.5879634527525398,0.21274380150677982,0.9631831039982999,0.0025947624875046656,1.0,0.0,0.6188414682921803,0.6188414682921803,13
v12_gated,SU2_equiv,SU(2),B_multi,4,2,40,8,0.4559117894238971,0.661623238260533,0.32324647652106614,1.0,0.0007765624231633379,1.0,0.0,0.5278222855257337,0.5278222855257337,13
v12_gated,Sn_equiv,S_n,B_multi,4,2,40,4,0.9241345865570975,0.6038859058447634,0.26981201481062256,0.9379597968789042,0.2283588619788472,1.0,0.0,0.7592889676824127,0.7592889676824127,13
v12_gated,U1_broken,U(1),B_multi,4,2,40,24,0.6405939520389582,0.5680179348676891,0.21649114599413757,0.9195447237412407,0.13667838103312402,0.9210312852074289,0.02742042485534894,0.5933035099629402,0.5464510942992454,13
v12_gated,HEA,U(1),B_multi,6,2,40,36,0.7761586457378751,0.5955080277196172,0.19101605543923433,1.0,0.03354332340780744,0.9098358155223052,0.03149703941743346,0.706422194314047,0.6427282132667773,13
v12_gated,U1_equiv,U(1),B_multi,6,2,40,36,0.6348819291190607,0.5687897653277065,0.13757953065541303,1.0,2.974087322893573e-05,1.0,0.0,0.6117449513063444,0.6117449513063444,13
v12_gated,SU2_equiv,SU(2),B_multi,6,2,40,12,0.47375634419644186,0.6109362638326526,0.22187252766530524,1.0,4.562589194345133e-05,1.0,0.0,0.5217639121801737,0.5217639121801737,13
v12_gated,Sn_equiv,S_n,B_multi,6,2,40,4,0.9189723955671122,0.5874689906274413,0.17493798125488266,1.0,0.17309991969245403,1.0,0.0,0.763177691870165,0.763177691870165,13
v12_gated,U1_broken,U(1),B_multi,6,2,40,36,0.696517742776273,0.579893347139693,0.15978669427938602,1.0,0.0520405889875013,0.9720161725610506,0.009460945407606792,0.6466374059098894,0.6285420163273371,13
v12_gated,HEA,U(1),B_multi,8,2,40,48,0.8075173251915276,0.578314030098011,0.15662806019602193,1.0,0.04061677464525262,0.9645588891638917,0.012028130608116876,0.7190964846039364,0.6936109063912324,13
v12_gated,U1_equiv,U(1),B_multi,8,2,40,48,0.6320197537821396,0.5494925095901887,0.09898501918037747,1.0,1.0884506277380117e-06,1.0,0.0,0.6031350463343823,0.6031350463343823,13
v12_gated,SU2_equiv,SU(2),B_multi,8,2,40,16,0.4867363480723092,0.5824385619056818,0.1648771238113635,1.0,3.741116928035848e-07,1.0,0.0,0.5202320773905498,0.5202320773905498,13
v12_gated,Sn_equiv,S_n,B_multi,8,2,40,4,0.9344851806129605,0.5650720161156134,0.13014403223122675,1.0,0.15171066403768438,1.0,0.0,0.7697477312178471,0.7697477312178471,13
v12_gated,U1_broken,U(1),B_multi,8,2,40,48,0.6850699932717325,0.554274365198719,0.108548730397438,1.0,0.0425123489329879,0.9892196543289463,0.003612958206350399,0.6320105397968058,0.6251972477100469,13
v12_gated,HEA,U(1),B_multi,4,2,40,24,0.8383560052200231,0.6389423376280521,0.3185664911196374,0.9593181841364666,0.09844668362912389,0.7604375567909473,0.0912870929175109,0.7479278794592152,0.5687524493117998,14
v12_gated,U1_equiv,U(1),B_multi,4,2,40,24,0.6361029135744235,0.5699833202380579,0.21274380150677982,0.9272228389693359,0.0025947624875046274,1.0,0.0,0.6125484219121117,0.6125484219121117,14
v12_gated,SU2_equiv,SU(2),B_multi,4,2,40,8,0.4559117894238972,0.661623238260533,0.32324647652106614,1.0,0.0007765624231634086,1.0,0.0,0.5278222855257338,0.5278222855257338,14
v12_gated,Sn_equiv,S_n,B_multi,4,2,40,4,0.8389694422601796,0.6517184112979951,0.3132369075615687,0.9901999150344215,0.05062376734716596,1.0,0.0,0.7628136329593248,0.7628136329593248,14
v12_gated,U1_broken,U(1),B_multi,4,2,40,24,0.7342144719248851,0.5879842611416923,0.24898765176942628,0.9269808705139585,0.07617777631280655,0.9210312852074289,0.02742042485534894,0.6690511916987878,0.6162170789598964,14
v12_gated,HEA,U(1),B_multi,6,2,40,36,0.8560201203867754,0.6116861239804964,0.22337224796099284,1.0,0.03660420512592155,0.9098358155223052,0.03149703941743346,0.7626697376249394,0.6939042427061692,14
v12_gated,U1_equiv,U(1),B_multi,6,2,40,36,0.6348819291190607,0.5687897653277065,0.13757953065541306,1.0,2.974087322894117e-05,1.0,0.0,0.6117449513063444,0.6117449513063444,14
v12_gated,SU2_equiv,SU(2),B_multi,6,2,40,12,0.47375634419644197,0.6109362638326526,0.22187252766530524,1.0,4.5625891943415907e-05,1.0,0.0,0.5217639121801738,0.5217639121801738,14
v12_gated,Sn_equiv,S_n,B_multi,6,2,40,4,0.8679321319563785,0.6088994571049384,0.21779891420987685,1.0,0.039297578586763436,1.0,0.0,0.7687437879674913,0.7687437879674913,14
v12_gated,U1_broken,U(1),B_multi,6,2,40,36,0.6886010468398571,0.5773656839586161,0.15473136791723227,1.0,0.06171088837257116,0.9720161725610506,0.009460945407606792,0.6390451242477303,0.6211621957650798,14
v12_gated,HEA,U(1),B_multi,8,2,40,48,0.7996446087192883,0.576453080136671,0.15290616027334203,1.0,0.021371385542031628,0.9645588891638917,0.012028130608116876,0.7172551954079854,0.6918348745297564,14
v12_gated,U1_equiv,U(1),B_multi,8,2,40,48,0.6320197537821396,0.5494925095901887,0.09898501918037747,1.0,1.0884506277285955e-06,1.0,0.0,0.6031350463343823,0.6031350463343823,14
v12_gated,SU2_equiv,SU(2),B_multi,8,2,40,16,0.48673634807230914,0.5824385619056818,0.16487712381136346,1.0,3.741116926501547e-07,1.0,0.0,0.5202320773905498,0.5202320773905498,14
v12_gated,Sn_equiv,S_n,B_multi,8,2,40,4,0.8686370432161123,0.5767422722549864,0.15348454450997287,1.0,0.04965590645682567,1.0,0.0,0.7556906334390001,0.7556906334390001,14
v12_gated,U1_broken,U(1),B_multi,8,2,40,48,0.7209730900394747,0.5600848717532065,0.120169743506413,1.0,0.02974800695922023,0.9892196543289463,0.003612958206350399,0.6593003355143047,0.6521928499964188,14
v12_gated,HEA,U(1),B_multi,4,2,40,24,0.8273270395997838,0.6248833670758649,0.296990472247315,0.9527762619044147,0.1142142863258573,0.7604375567909473,0.0912870929175109,0.7328486123699188,0.557285608288217,15
v12_gated,U1_equiv,U(1),B_multi,4,2,40,24,0.6361029135744235,0.5421497569748073,0.21274380150677982,0.8715557124428347,0.0025947624875046677,1.0,0.0,0.602806674769974,0.602806674769974,15
v12_gated,SU2_equiv,SU(2),B_multi,4,2,40,8,0.4559117894238972,0.661623238260533,0.32324647652106614,1.0,0.0007765624231632903,1.0,0.0,0.5278222855257338,0.5278222855257338,15
v12_gated,Sn_equiv,S_n,B_multi,4,2,40,4,0.8595610509894395,0.6099901170294626,0.2824994437788612,0.937480790280064,0.3021714600833156,1.0,0.0,0.7072775196513905,0.7072775196513905,15
v12_gated,U1_broken,U(1),B_multi,4,2,40,24,0.7431951904099894,0.5877345793829429,0.2627825362339007,0.9126866225319853,0.11204769975696655,0.9210312852074289,0.02742042485534894,0.6679656486615531,0.6152172598611642,15
v12_gated,HEA,U(1),B_multi,6,2,40,36,0.8300168155485067,0.6055837329495207,0.2111674658990414,1.0,0.046396616705652635,0.9098358155223052,0.03149703941743346,0.741837743626299,0.6749505484574605,15
v12_gated,U1_equiv,U(1),B_multi,6,2,40,36,0.6348819291190607,0.5687897653277065,0.13757953065541303,1.0,2.9740873228929893e-05,1.0,0.0,0.6117449513063444,0.6117449513063444,15
v12_gated,SU2_equiv,SU(2),B_multi,6,2,40,12,0.47375634419644197,0.6109362638326526,0.22187252766530535,1.0,4.5625891943375005e-05,1.0,0.0,0.5217639121801738,0.5217639121801738,15
v12_gated,Sn_equiv,S_n,B_multi,6,2,40,4,0.8975090432971836,0.6021007269473109,0.20420145389462174,1.0,0.21662811919401317,1.0,0.0,0.7455097085724565,0.7455097085724565,15
v12_gated,U1_broken,U(1),B_multi,6,2,40,36,0.7049247782506299,0.5775722779681383,0.15514455593627657,1.0,0.05940727380626972,0.9720161725610506,0.009460945407606792,0.6498819883231681,0.6316958029062513,15
v12_gated,HEA,U(1),B_multi,8,2,40,48,0.7742365406101934,0.57349374875203,0.14698749750405998,1.0,0.02575199276647598,0.9645588891638917,0.012028130608116876,0.6989920300115025,0.6742189760023084,15
v12_gated,U1_equiv,U(1),B_multi,8,2,40,48,0.6320197537821396,0.5494925095901887,0.09898501918037747,1.0,1.088450627723453e-06,1.0,0.0,0.6031350463343823,0.6031350463343823,15
v12_gated,SU2_equiv,SU(2),B_multi,8,2,40,16,0.4867363480723092,0.5824385619056818,0.1648771238113635,1.0,3.74111692643851e-07,1.0,0.0,0.5202320773905498,0.5202320773905498,15
v12_gated,Sn_equiv,S_n,B_multi,8,2,40,4,0.9094592460926906,0.5793844086313042,0.15876881726260855,1.0,0.18109529316607553,1.0,0.0,0.752758355782767,0.752758355782767,15
v12_gated,U1_broken,U(1),B_multi,8,2,40,48,0.6787168514583706,0.5553439936493976,0.11068798729879525,1.0,0.07242285267430701,0.9892196543289463,0.003612958206350399,0.6232476985900453,0.6165288729605559,15
v12_gated,HEA,U(1),B_multi,4,2,40,24,0.8297907871370003,0.6445750317669512,0.3052176136096024,0.9839324499242998,0.15745576906087463,0.7604375567909473,0.0912870929175109,0.7323014361204119,0.5568695149179079,16
v12_gated,U1_equiv,U(1),B_multi,4,2,40,24,0.6361029135744235,0.5537354506113528,0.21274380150677982,0.8947270997159258,0.002594762487504638,1.0,0.0,0.6068616675427649,0.6068616675427649,16
v12_gated,SU2_equiv,SU(2),B_multi,4,2,40,8,0.4559117894238973,0.661623238260533,0.3232464765210661,1.0,0.0007765624231632207,1.0,0.0,0.5278222855257338,0.5278222855257338,16
v12_gated,Sn_equiv,S_n,B_multi,4,2,40,4,0.9748834159014079,0.5773841506438943,0.26937010073322,0.8853982005545685,0.31901157744033776,1.0,0.0,0.758008898979495,0.758008898979495,16
v12_gated,U1_broken,U(1),B_multi,4,2,40,24,0.725473171378935,0.588621777236282,0.24215478314721092,0.9350887713253531,0.066640441875365,0.9210312852074289,0.02742042485534894,0.6654887202516528,0.6129359313044269,16
v12_gated,HEA,U(1),B_multi,6,2,40,36,0.817312501881981,0.606065483535312,0.212130967070624,1.0,0.025039133322462256,0.9098358155223052,0.03149703941743346,0.7382598462854623,0.6716952493125052,16
v12_gated,U1_equiv,U(1),B_multi,6,2,40,36,0.6348819291190607,0.5687897653277065,0.13757953065541306,1.0,2.97408732289332e-05,1.0,0.0,0.6117449513063444,0.6117449513063444,16
v12_gated,SU2_equiv,SU(2),B_multi,6,2,40,12,0.47375634419644197,0.6109362638326526,0.22187252766530524,1.0,4.562589194348066e-05,1.0,0.0,0.5217639121801738,0.5217639121801738,16
v12_gated,Sn_equiv,S_n,B_multi,6,2,40,4,0.9608576563796704,0.5931759248876946,0.18635184977538918,1.0,0.29524752813671595,1.0,0.0,0.7612463383731449,0.7612463383731449,16
v12_gated,U1_broken,U(1),B_multi,6,2,40,36,0.6873285714814744,0.5775871176283381,0.15517423525667637,1.0,0.05331584483139281,0.9720161725610506,0.009460945407606792,0.6397576867665544,0.6218548180573377,16
v12_gated,HEA,U(1),B_multi,8,2,40,48,0.7994392470168395,0.5767998577371591,0.15359971547431822,1.0,0.011555827536144984,0.9645588891638917,0.012028130608116876,0.7192059152529133,0.69371645869645,16
v12_gated,U1_equiv,U(1),B_multi,8,2,40,48,0.6320197537821396,0.5494925095901887,0.09898501918037747,1.0,1.08845062770117e-06,1.0,0.0,0.6031350463343823,0.6031350463343823,16
v12_gated,SU2_equiv,SU(2),B_multi,8,2,40,16,0.48673634807230914,0.5824385619056818,0.1648771238113635,1.0,3.741116926842646e-07,1.0,0.0,0.5202320773905498,0.5202320773905498,16
v12_gated,Sn_equiv,S_n,B_multi,8,2,40,4,0.9545224306575908,0.5709950999028541,0.14199019980570818,1.0,0.25360341913033047,1.0,0.0,0.7597703268805933,0.7597703268805933,16
v12_gated,U1_broken,U(1),B_multi,8,2,40,48,0.7100370043290174,0.5593030968353667,0.11860619367073337,1.0,0.02736888729468485,0.9892196543289463,0.003612958206350399,0.6524219060196055,0.6453885723493464,16
v12_gated,HEA,U(1),B_multi,4,2,40,24,0.8398479358696432,0.6164099098489086,0.2875418295267652,0.945277990171052,0.10789705283788298,0.7604375567909473,0.0912870929175109,0.7389903474843076,0.56195601433306,17
v12_gated,U1_equiv,U(1),B_multi,4,2,40,24,0.6361029135744235,0.5848576085991167,0.21274380150677982,0.9569714156914537,0.0025947624875046066,1.0,0.0,0.6177544228384824,0.6177544228384824,17
v12_gated,SU2_equiv,SU(2),B_multi,4,2,40,8,0.4559117894238973,0.661623238260533,0.32324647652106614,1.0,0.0007765624231633163,1.0,0.0,0.5278222855257338,0.5278222855257338,17
v12_gated,Sn_equiv,S_n,B_multi,4,2,40,4,0.7377776952299244,0.5845464287204309,0.23582011169189449,0.9332727457489675,0.16036535282466988,1.0,0.0,0.6545682568511721,0.6545682568511721,17
v12_gated,U1_broken,U(1),B_multi,4,2,40,24,0.7099294386529832,0.5945254718091967,0.22788683896751888,0.9611641046508744,0.14724965893865954,0.9210312852074289,0.02742042485534894,0.6434038333296165,0.5925950595189631,17
v12_gated,HEA,U(1),B_multi,6,2,40,36,0.8065189159431522,0.603594870584448,0.20718974116889619,1.0,0.0799559403871751,0.9098358155223052,0.03149703941743346,0.7193740054765358,0.6545122349382912,17
v12_gated,U1_equiv,U(1),B_multi,6,2,40,36,0.6348819291190607,0.5687897653277065,0.13757953065541306,1.0,2.9740873228959123e-05,1.0,0.0,0.6117449513063444,0.6117449513063444,17
v12_gated,SU2_equiv,SU(2),B_multi,6,2,40,12,0.47375634419644186,0.6109362638326526,0.22187252766530524,1.0,4.562589194334482e-05,1.0,0.0,0.5217639121801737,0.5217639121801737,17
v12_gated,Sn_equiv,S_n,B_multi,6,2,40,4,0.752178650556152,0.5776490307119079,0.1552980614238157,1.0,0.1707648777628634,1.0,0.0,0.6589818597811523,0.6589818597811523,17
v12_gated,U1_broken,U(1),B_multi,6,2,40,36,0.6691176833542298,0.5746210531526896,0.1492421063053792,1.0,0.07599939454774768,0.9720161725610506,0.009460945407606792,0.6233307280796625,0.6058875485476864,17
v12_gated,HEA,U(1),B_multi,8,2,40,48,0.7985108901166494,0.5748167546790571,0.1496335093581142,1.0,0.02325738520327098,0.9645588891638917,0.012028130608116876,0.7155751238733796,0.6902143465966212,17
v12_gated,U1_equiv,U(1),B_multi,8,2,40,48,0.6320197537821396,0.5494925095901887,0.09898501918037747,1.0,1.0884506277140786e-06,1.0,0.0,0.6031350463343823,0.6031350463343823,17
v12_gated,SU2_equiv,SU(2),B_multi,8,2,40,16,0.48673634807230926,0.5824385619056818,0.1648771238113635,1.0,3.741116927378468e-07,1.0,0.0,0.5202320773905499,0.5202320773905499,17
v12_gated,Sn_equiv,S_n,B_multi,8,2,40,4,0.7498823089245518,0.55512436921835,0.11024873843669988,1.0,0.16304334473775983,1.0,0.0,0.6511512000756979,0.6511512000756979,17
v12_gated,U1_broken,U(1),B_multi,8,2,40,48,0.6994757974914986,0.5578395544824208,0.11567910896484171,1.0,0.038463996398389586,0.9892196543289463,0.003612958206350399,0.6431769537994529,0.6362432839098395,17
v12_gated,HEA,U(1),B_multi,4,2,40,24,0.8922832116127303,0.661794089536288,0.33532341789240033,0.9882647611801758,0.06966435388811767,0.7604375567909473,0.0912870929175109,0.7960719355304217,0.6053629976845943,18
v12_gated,U1_equiv,U(1),B_multi,4,2,40,24,0.6361029135744235,0.5830130264999511,0.21274380150677982,0.9532822514931224,0.0025947624875046886,1.0,0.0,0.6171088191037744,0.6171088191037744,18
v12_gated,SU2_equiv,SU(2),B_multi,4,2,40,8,0.4559117894238973,0.661623238260533,0.32324647652106614,1.0,0.0007765624231632634,1.0,0.0,0.5278222855257338,0.5278222855257338,18
v12_gated,Sn_equiv,S_n,B_multi,4,2,40,4,0.9799253380154422,0.6209598330537378,0.30191620852658857,0.9400034575808871,0.18972568040441026,1.0,0.0,0.8078081609037203,0.8078081609037203,18
v12_gated,U1_broken,U(1),B_multi,4,2,40,24,0.751567995453445,0.6087747492964062,0.25688744766944877,0.9606620509233637,0.07867404287945151,0.9210312852074289,0.02742042485534894,0.6868081361231995,0.6325717803044693,18
v12_gated,HEA,U(1),B_multi,6,2,40,36,0.8358166452823765,0.6049388810343287,0.20987776206865733,1.0,0.031073652858898796,0.9098358155223052,0.03149703941743346,0.7485164587232613,0.6810270826543464,18
v12_gated,U1_equiv,U(1),B_multi,6,2,40,36,0.6348819291190606,0.5687897653277065,0.13757953065541306,1.0,2.9740873228934772e-05,1.0,0.0,0.6117449513063443,0.6117449513063443,18
v12_gated,SU2_equiv,SU(2),B_multi,6,2,40,12,0.47375634419644186,0.6109362638326526,0.22187252766530524,1.0,4.562589194347746e-05,1.0,0.0,0.5217639121801737,0.5217639121801737,18
v12_gated,Sn_equiv,S_n,B_multi,6,2,40,4,0.9880887110950279,0.6066527441689793,0.2133054883379586,1.0,0.16472616091397801,1.0,0.0,0.8138951076656298,0.8138951076656298,18
v12_gated,U1_broken,U(1),B_multi,6,2,40,36,0.6910576990086704,0.5778708175602001,0.15574163512040026,1.0,0.06267386444418734,0.9720161725610506,0.009460945407606792,0.6406144763640105,0.622687631402547,18
v12_gated,HEA,U(1),B_multi,8,2,40,48,0.7856911449923233,0.5756576092120573,0.15131521842411466,1.0,0.023041760462263562,0.9645588891638917,0.012028130608116876,0.7076534806791716,0.6825734552368632,18
v12_gated,U1_equiv,U(1),B_multi,8,2,40,48,0.6320197537821397,0.5494925095901887,0.09898501918037747,1.0,1.0884506277070506e-06,1.0,0.0,0.6031350463343823,0.6031350463343823,18
v12_gated,SU2_equiv,SU(2),B_multi,8,2,40,16,0.4867363480723092,0.5824385619056818,0.1648771238113635,1.0,3.7411169287294485e-07,1.0,0.0,0.5202320773905498,0.5202320773905498,18
v12_gated,Sn_equiv,S_n,B_multi,8,2,40,4,0.9858822118108432,0.5803959788678077,0.16079195773561544,1.0,0.13954811353630608,1.0,0.0,0.8095675295739797,0.8095675295739797,18
v12_gated,U1_broken,U(1),B_multi,8,2,40,48,0.6807861208921056,0.5562790116600576,0.11255802332011511,1.0,0.0479205127961779,0.9892196543289463,0.003612958206350399,0.6290527276564711,0.6222713218070152,18
v12_gated,HEA,U(1),B_multi,4,2,40,24,0.9254903053769092,0.6395988530928334,0.32638626483871025,0.9528114413469565,0.049699306690103966,0.7604375567909473,0.0912870929175109,0.8139292404460714,0.618942363005522,19
v12_gated,U1_equiv,U(1),B_multi,4,2,40,24,0.6361029135744235,0.5626020267646248,0.21274380150677982,0.9124602520224698,0.0025947624875046413,1.0,0.0,0.6099649691964102,0.6099649691964102,19
v12_gated,SU2_equiv,SU(2),B_multi,4,2,40,8,0.4559117894238972,0.661623238260533,0.32324647652106614,1.0,0.0007765624231632383,1.0,0.0,0.5278222855257338,0.5278222855257338,19
v12_gated,Sn_equiv,S_n,B_multi,4,2,40,4,0.9536663607935977,0.6201339782353226,0.2883390548473449,0.9519289016233003,0.08593836480490144,1.0,0.0,0.8164408949941906,0.8164408949941906,19
v12_gated,U1_broken,U(1),B_multi,4,2,40,24,0.6812418610871314,0.5940076681614946,0.23108546369632016,0.9569298726266691,0.127950847334943,0.9210312852074289,0.02742042485534894,0.6289185252216255,0.5792536375756345,19
v12_gated,HEA,U(1),B_multi,6,2,40,36,0.8371557544500037,0.6037073284551011,0.20741465691020214,1.0,0.0408039212691365,0.9098358155223052,0.03149703941743346,0.7469089959781421,0.6795645554767191,19
v12_gated,U1_equiv,U(1),B_multi,6,2,40,36,0.6348819291190607,0.5687897653277065,0.13757953065541306,1.0,2.9740873228921453e-05,1.0,0.0,0.6117449513063444,0.6117449513063444,19
v12_gated,SU2_equiv,SU(2),B_multi,6,2,40,12,0.47375634419644197,0.6109362638326526,0.2218725276653053,1.0,4.5625891943420995e-05,1.0,0.0,0.5217639121801738,0.5217639121801738,19
v12_gated,Sn_equiv,S_n,B_multi,6,2,40,4,0.9445355021467441,0.597924263035236,0.1958485260704721,1.0,0.06943076905134839,1.0,0.0,0.8068266118801288,0.8068266118801288,19
v12_gated,U1_broken,U(1),B_multi,6,2,40,36,0.7067758335882834,0.5822770746397194,0.16455414927943898,1.0,0.043043953661262395,0.9720161725610506,0.009460945407606792,0.6555956613988175,0.637249585540509,19
v12_gated,HEA,U(1),B_multi,8,2,40,48,0.7861246483509085,0.573116977645056,0.14623395529011207,1.0,0.08742719028760737,0.9645588891638917,0.012028130608116876,0.6943897962985718,0.6697798505644914,19
v12_gated,U1_equiv,U(1),B_multi,8,2,40,48,0.6320197537821396,0.5494925095901887,0.09898501918037747,1.0,1.0884506277332868e-06,1.0,0.0,0.6031350463343823,0.6031350463343823,19
v12_gated,SU2_equiv,SU(2),B_multi,8,2,40,16,0.4867363480723092,0.5824385619056818,0.1648771238113635,1.0,3.7411169259962776e-07,1.0,0.0,0.5202320773905498,0.5202320773905498,19
v12_gated,Sn_equiv,S_n,B_multi,8,2,40,4,0.9386808738865595,0.572689755329168,0.14537951065833593,1.0,0.06709433818060392,1.0,0.0,0.7948389393924201,0.7948389393924201,19
v12_gated,U1_broken,U(1),B_multi,8,2,40,48,0.6629426546587424,0.5546111451012237,0.10922229020244738,1.0,0.03569575116910792,0.9892196543289463,0.003612958206350399,0.6191105673035893,0.6124363413794545,19
